peptide,start,stop,mc,mz1,mz2,mz3,width,species,monoisotopic_mass,molecular_weight,peptide_length
K,86,86,0,147.113,74.06,49.709,1,Bos_taurus,146.105527704,146.188,1
K,117,117,0,147.113,74.06,49.709,1,Bos_taurus,146.105527704,146.188,1
R,185,185,0,175.119,88.063,59.045,1,Bos_taurus,174.1116757144,174.201,1
R,197,197,0,175.119,88.063,59.045,1,Bos_taurus,174.1116757144,174.201,1
TK,92,93,0,248.16,124.584,83.392,2,Bos_taurus,247.1532061781,247.291,2
MK,1,2,0,278.153,139.58,93.389,2,Bos_taurus,277.1460123102,277.384,2
NR,198,199,0,289.162,145.085,97.059,2,Bos_taurus,288.1546031616,288.304,2
ALK,155,157,0,331.234,166.121,111.083,3,Bos_taurus,330.2267054722,330.423,3
FDK,152,154,0,409.208,205.108,137.074,3,Bos_taurus,408.2008846522,408.449,3
CHPR,186,189,0,569.261,285.134,190.425,4,Bos_taurus,568.2539996302,568.65,4
IIAEK,87,91,0,573.361,287.184,191.792,5,Bos_taurus,572.3533625488,572.695,5
SSFSNK,223,228,0,669.32,335.164,223.778,6,Bos_taurus,668.3129542971,668.696,6
GLDIQK,25,30,0,673.388,337.198,225.134,6,Bos_taurus,672.3806399318,672.771,6
IPAVFK,94,99,0,674.424,337.715,225.479,6,Bos_taurus,673.4162971566001,673.843,6
LPHQGTR,190,196,0,808.442,404.725,270.152,7,Bos_taurus,807.4351351183,807.897,7
ALPMHIR,158,164,0,837.476,419.242,279.83,7,Bos_taurus,836.4690777835999,837.045,7
GINLCSPF,229,236,0,907.434,454.221,303.15,8,Bos_taurus,906.4269381974,907.045,8
IDALNENK,100,107,0,916.473,458.74,306.163,8,Bos_taurus,915.4661604752,915.987,8
VLVLDTDYK,108,116,0,1065.583,533.295,355.866,9,Bos_taurus,1064.5753765736,1065.217,9
WENGECAQK,77,85,0,1121.468,561.238,374.494,9,Bos_taurus,1120.4607575213001,1121.181,9
TPEVDDEALEK,141,151,0,1245.585,623.296,415.866,11,Bos_taurus,1244.5772270671,1245.29,11
LSFNPTQLEEPGSLGPSGDR,165,184,0,2101.02,1051.013,701.011,20,Bos_taurus,2100.0123621854,2101.23,20
VYVEELKPTPEGDLEILLQK,57,76,0,2313.259,1157.133,771.758,20,Bos_taurus,2312.2515298242997,2313.642,20
CLLLALALTCGAQALIVTQTMK,3,24,0,2389.302,1195.154,797.105,22,Bos_taurus,2388.2942798118997,2389.94,22
DHIHPSWDPGPSRPLLGPPAWGR,200,222,0,2545.285,1273.146,849.1,23,Bos_taurus,2544.2774592699,2545.81,23
VAGTWYSLAMAASDISLLDAQSAPLR,31,56,0,2707.376,1354.192,903.13,26,Bos_taurus,2706.3687016220997,2708.05,26
YLLFCMENSAEPEQSLACQCLVR,118,140,0,2818.267,1409.637,940.094,23,Bos_taurus,2817.2594272231,2819.217,23
K,86,86,0,147.113,74.06,49.709,1,Ovis_aries,146.105527704,146.188,1
K,117,117,0,147.113,74.06,49.709,1,Ovis_aries,146.105527704,146.188,1
TK,92,93,0,248.16,124.584,83.392,2,Ovis_aries,247.1532061781,247.291,2
MK,1,2,0,278.153,139.58,93.389,2,Ovis_aries,277.1460123102,277.384,2
ALK,155,157,0,331.234,166.121,111.083,3,Ovis_aries,330.2267054722,330.423,3
APR,214,216,0,343.209,172.108,115.074,3,Ovis_aries,342.2015533542,342.394,3
FDK,152,154,0,409.208,205.108,137.074,3,Ovis_aries,408.2008846522,408.449,3
IIAEK,87,91,0,573.361,287.184,191.792,5,Ovis_aries,572.3533625488,572.695,5
GLDIQK,25,30,0,673.388,337.198,225.134,6,Ovis_aries,672.3806399318,672.771,6
IPAVFK,94,99,0,674.424,337.715,225.479,6,Ovis_aries,673.4162971566001,673.843,6
METGCR,208,213,0,753.302,377.155,251.772,6,Ovis_aries,752.2945438159,752.86,6
ALPMHIR,158,164,0,837.476,419.242,279.83,7,Ovis_aries,836.4690777835999,837.045,7
IDALNENK,100,107,0,916.473,458.74,306.163,8,Ovis_aries,915.4661604752,915.987,8
VLVLDTDYK,108,116,0,1065.583,533.295,355.866,9,Ovis_aries,1064.5753765736,1065.217,9
WENGECAQK,77,85,0,1121.468,561.238,374.494,9,Ovis_aries,1120.4607575213001,1121.181,9
TPEVDDEALEK,141,151,0,1245.585,623.296,415.866,11,Ovis_aries,1244.5772270671,1245.29,11
HGSPSPTEQCHI,241,252,0,1349.59,675.299,450.535,12,Ovis_aries,1348.582997922,1349.429,12
TTSSHGDPQLPRPPGR,192,207,0,1702.862,851.935,568.292,16,Ovis_aries,1701.8546797519,1702.826,16
VYVEELKPTPEGDLEILLQK,57,76,0,2313.259,1157.133,771.758,20,Ovis_aries,2312.2515298242997,2313.642,20
CLLLALALTCGAQALIVTQTMK,3,24,0,2389.302,1195.154,797.105,22,Ovis_aries,2388.2942798118997,2389.94,22
WPPPHPLPSSLCPGVSSPILTLPR,217,240,0,2605.396,1303.202,869.137,24,Ovis_aries,2604.3886492031997,2606.049,24
VAGTWYSLAMAASDISLLDAQSAPLR,31,56,0,2707.376,1354.192,903.13,26,Ovis_aries,2706.3687016220997,2708.05,26
YLLFCMENSAEPEQSLACQCLVR,118,140,0,2818.267,1409.637,940.094,23,Ovis_aries,2817.2594272231,2819.217,23
LSFNPTQLEGEHPGPTLLLGQEATRPR,165,191,0,2958.543,1479.775,986.853,27,Ovis_aries,2957.5359183805003,2959.273,27
K,32,32,0,147.113,74.06,49.709,1,Capra_hircus,146.105527704,146.188,1
K,99,99,0,147.113,74.06,49.709,1,Capra_hircus,146.105527704,146.188,1
R,181,181,0,175.119,88.063,59.045,1,Capra_hircus,174.1116757144,174.201,1
R,182,182,0,175.119,88.063,59.045,1,Capra_hircus,174.1116757144,174.201,1
MK,1,2,0,278.153,139.58,93.389,2,Capra_hircus,277.1460123102,277.384,2
TLTAQK,78,83,0,661.388,331.198,221.134,6,Capra_hircus,660.3806399318,660.76,6
GWGAAPR,183,189,0,714.368,357.688,238.794,7,Capra_hircus,713.3609075427,713.784,7
AEDPAVFTVDYHGER,84,98,0,1705.782,853.394,569.265,15,Capra_hircus,1704.7743637454,1705.778,15
WGVGELGSPSSLPRPPR,164,180,0,1791.95,896.479,597.988,17,Capra_hircus,1790.9427664777002,1792.003,17
FAGALASLPEDVQMVLDLR,145,163,0,2045.074,1023.04,682.363,19,Capra_hircus,2044.0663120113,2045.359,19
VAGTWHPVAMVASNIAAPLR,33,52,0,2061.106,1031.057,687.707,20,Capra_hircus,2060.0989495436997,2061.41,20
VYVEELKPTPEGDLEILLENHECVK,53,77,0,2953.486,1477.247,985.167,25,Capra_hircus,2952.4790399324997,2954.307,25
GGPLPSSLCPGASSPILTPPTTLPPPQGSATSR,190,222,0,3198.646,1599.827,1066.887,33,Capra_hircus,3197.6390628229997,3199.59,33
YLLLALGLALACCIQDAHIPQTVEDLDIR,3,31,0,3294.722,1647.865,1098.912,29,Capra_hircus,3293.715204654,3295.826,29
ISVLDTDYSSYMTFCMEGPTHTDEGSVMCQCLGTTPEVDDEAMEK,100,144,0,5137.106,2569.056,1713.04,45,Capra_hircus,5136.0983025772,5139.611,45
